{
  "best_global_step": null,
  "best_metric": null,
  "best_model_checkpoint": null,
  "epoch": 2.0,
  "eval_steps": 500,
  "global_step": 5428,
  "is_hyper_param_search": false,
  "is_local_process_zero": true,
  "is_world_process_zero": true,
  "log_history": [
    {
      "epoch": 0.036845983787767135,
      "grad_norm": 0.324940025806427,
      "learning_rate": 4.908806190125276e-05,
      "loss": 0.3953,
      "step": 100
    },
    {
      "epoch": 0.07369196757553427,
      "grad_norm": 0.25732460618019104,
      "learning_rate": 4.8166912306558585e-05,
      "loss": 0.1517,
      "step": 200
    },
    {
      "epoch": 0.1105379513633014,
      "grad_norm": 0.2567284405231476,
      "learning_rate": 4.724576271186441e-05,
      "loss": 0.149,
      "step": 300
    },
    {
      "epoch": 0.14738393515106854,
      "grad_norm": 0.24963712692260742,
      "learning_rate": 4.6324613117170226e-05,
      "loss": 0.1461,
      "step": 400
    },
    {
      "epoch": 0.18422991893883567,
      "grad_norm": 0.27557793259620667,
      "learning_rate": 4.540346352247605e-05,
      "loss": 0.1398,
      "step": 500
    },
    {
      "epoch": 0.2210759027266028,
      "grad_norm": 0.3345136344432831,
      "learning_rate": 4.4482313927781874e-05,
      "loss": 0.1379,
      "step": 600
    },
    {
      "epoch": 0.2579218865143699,
      "grad_norm": 0.2500085234642029,
      "learning_rate": 4.35611643330877e-05,
      "loss": 0.1302,
      "step": 700
    },
    {
      "epoch": 0.2947678703021371,
      "grad_norm": 0.2407234013080597,
      "learning_rate": 4.264001473839352e-05,
      "loss": 0.1268,
      "step": 800
    },
    {
      "epoch": 0.3316138540899042,
      "grad_norm": 0.27392151951789856,
      "learning_rate": 4.171886514369934e-05,
      "loss": 0.1232,
      "step": 900
    },
    {
      "epoch": 0.36845983787767134,
      "grad_norm": 0.4187370538711548,
      "learning_rate": 4.079771554900516e-05,
      "loss": 0.1181,
      "step": 1000
    },
    {
      "epoch": 0.4053058216654385,
      "grad_norm": 0.2058684378862381,
      "learning_rate": 3.987656595431098e-05,
      "loss": 0.1158,
      "step": 1100
    },
    {
      "epoch": 0.4421518054532056,
      "grad_norm": 0.27370914816856384,
      "learning_rate": 3.89554163596168e-05,
      "loss": 0.1148,
      "step": 1200
    },
    {
      "epoch": 0.47899778924097275,
      "grad_norm": 0.33343032002449036,
      "learning_rate": 3.803426676492263e-05,
      "loss": 0.1116,
      "step": 1300
    },
    {
      "epoch": 0.5158437730287398,
      "grad_norm": 0.29556792974472046,
      "learning_rate": 3.7113117170228444e-05,
      "loss": 0.1156,
      "step": 1400
    },
    {
      "epoch": 0.552689756816507,
      "grad_norm": 0.25544074177742004,
      "learning_rate": 3.619196757553427e-05,
      "loss": 0.1086,
      "step": 1500
    },
    {
      "epoch": 0.5895357406042742,
      "grad_norm": 0.27522599697113037,
      "learning_rate": 3.5270817980840085e-05,
      "loss": 0.1065,
      "step": 1600
    },
    {
      "epoch": 0.6263817243920413,
      "grad_norm": 0.24569889903068542,
      "learning_rate": 3.434966838614591e-05,
      "loss": 0.1099,
      "step": 1700
    },
    {
      "epoch": 0.6632277081798084,
      "grad_norm": 0.2581884264945984,
      "learning_rate": 3.342851879145173e-05,
      "loss": 0.1031,
      "step": 1800
    },
    {
      "epoch": 0.7000736919675755,
      "grad_norm": 0.33241793513298035,
      "learning_rate": 3.2507369196757556e-05,
      "loss": 0.1028,
      "step": 1900
    },
    {
      "epoch": 0.7369196757553427,
      "grad_norm": 0.22930556535720825,
      "learning_rate": 3.158621960206338e-05,
      "loss": 0.1029,
      "step": 2000
    },
    {
      "epoch": 0.7737656595431098,
      "grad_norm": 0.3072812259197235,
      "learning_rate": 3.0665070007369204e-05,
      "loss": 0.1039,
      "step": 2100
    },
    {
      "epoch": 0.810611643330877,
      "grad_norm": 0.2760986089706421,
      "learning_rate": 2.974392041267502e-05,
      "loss": 0.1008,
      "step": 2200
    },
    {
      "epoch": 0.847457627118644,
      "grad_norm": 0.3264789581298828,
      "learning_rate": 2.8822770817980845e-05,
      "loss": 0.1043,
      "step": 2300
    },
    {
      "epoch": 0.8843036109064112,
      "grad_norm": 0.2743072509765625,
      "learning_rate": 2.790162122328666e-05,
      "loss": 0.1018,
      "step": 2400
    },
    {
      "epoch": 0.9211495946941783,
      "grad_norm": 0.2580071985721588,
      "learning_rate": 2.6980471628592485e-05,
      "loss": 0.1031,
      "step": 2500
    },
    {
      "epoch": 0.9579955784819455,
      "grad_norm": 0.28516048192977905,
      "learning_rate": 2.605932203389831e-05,
      "loss": 0.1005,
      "step": 2600
    },
    {
      "epoch": 0.9948415622697127,
      "grad_norm": 0.25005993247032166,
      "learning_rate": 2.5138172439204126e-05,
      "loss": 0.0978,
      "step": 2700
    },
    {
      "epoch": 1.0316875460574797,
      "grad_norm": 0.2819218635559082,
      "learning_rate": 2.421702284450995e-05,
      "loss": 0.1011,
      "step": 2800
    },
    {
      "epoch": 1.068533529845247,
      "grad_norm": 0.2815490961074829,
      "learning_rate": 2.3295873249815774e-05,
      "loss": 0.0966,
      "step": 2900
    },
    {
      "epoch": 1.105379513633014,
      "grad_norm": 0.26358306407928467,
      "learning_rate": 2.2374723655121594e-05,
      "loss": 0.1014,
      "step": 3000
    },
    {
      "epoch": 1.142225497420781,
      "grad_norm": 0.31340286135673523,
      "learning_rate": 2.1453574060427415e-05,
      "loss": 0.0983,
      "step": 3100
    },
    {
      "epoch": 1.1790714812085483,
      "grad_norm": 0.3317447006702423,
      "learning_rate": 2.0532424465733235e-05,
      "loss": 0.0962,
      "step": 3200
    },
    {
      "epoch": 1.2159174649963154,
      "grad_norm": 0.2852441370487213,
      "learning_rate": 1.9611274871039056e-05,
      "loss": 0.0973,
      "step": 3300
    },
    {
      "epoch": 1.2527634487840826,
      "grad_norm": 0.31462767720222473,
      "learning_rate": 1.869012527634488e-05,
      "loss": 0.098,
      "step": 3400
    },
    {
      "epoch": 1.2896094325718497,
      "grad_norm": 0.3018237054347992,
      "learning_rate": 1.77689756816507e-05,
      "loss": 0.0947,
      "step": 3500
    },
    {
      "epoch": 1.3264554163596167,
      "grad_norm": 0.28958654403686523,
      "learning_rate": 1.6847826086956524e-05,
      "loss": 0.096,
      "step": 3600
    },
    {
      "epoch": 1.363301400147384,
      "grad_norm": 0.25702038407325745,
      "learning_rate": 1.5926676492262344e-05,
      "loss": 0.0981,
      "step": 3700
    },
    {
      "epoch": 1.400147383935151,
      "grad_norm": 0.2075418084859848,
      "learning_rate": 1.5005526897568165e-05,
      "loss": 0.0959,
      "step": 3800
    },
    {
      "epoch": 1.436993367722918,
      "grad_norm": 0.28456369042396545,
      "learning_rate": 1.4084377302873988e-05,
      "loss": 0.098,
      "step": 3900
    },
    {
      "epoch": 1.4738393515106853,
      "grad_norm": 0.24126091599464417,
      "learning_rate": 1.3163227708179809e-05,
      "loss": 0.0982,
      "step": 4000
    },
    {
      "epoch": 1.5106853352984526,
      "grad_norm": 0.25377193093299866,
      "learning_rate": 1.2242078113485631e-05,
      "loss": 0.0968,
      "step": 4100
    },
    {
      "epoch": 1.5475313190862194,
      "grad_norm": 0.30963844060897827,
      "learning_rate": 1.1320928518791453e-05,
      "loss": 0.0969,
      "step": 4200
    },
    {
      "epoch": 1.5843773028739867,
      "grad_norm": 0.23252595961093903,
      "learning_rate": 1.0399778924097273e-05,
      "loss": 0.0946,
      "step": 4300
    },
    {
      "epoch": 1.621223286661754,
      "grad_norm": 0.2862113118171692,
      "learning_rate": 9.478629329403096e-06,
      "loss": 0.0952,
      "step": 4400
    },
    {
      "epoch": 1.658069270449521,
      "grad_norm": 0.27425330877304077,
      "learning_rate": 8.557479734708918e-06,
      "loss": 0.0982,
      "step": 4500
    },
    {
      "epoch": 1.694915254237288,
      "grad_norm": 0.27529388666152954,
      "learning_rate": 7.636330140014738e-06,
      "loss": 0.0952,
      "step": 4600
    },
    {
      "epoch": 1.7317612380250553,
      "grad_norm": 0.26101163029670715,
      "learning_rate": 6.715180545320561e-06,
      "loss": 0.0929,
      "step": 4700
    },
    {
      "epoch": 1.7686072218128224,
      "grad_norm": 0.22042818367481232,
      "learning_rate": 5.794030950626382e-06,
      "loss": 0.0935,
      "step": 4800
    },
    {
      "epoch": 1.8054532056005894,
      "grad_norm": 0.23105543851852417,
      "learning_rate": 4.872881355932204e-06,
      "loss": 0.095,
      "step": 4900
    },
    {
      "epoch": 1.8422991893883567,
      "grad_norm": 0.308215469121933,
      "learning_rate": 3.951731761238026e-06,
      "loss": 0.0935,
      "step": 5000
    },
    {
      "epoch": 1.879145173176124,
      "grad_norm": 0.24645358324050903,
      "learning_rate": 3.030582166543847e-06,
      "loss": 0.096,
      "step": 5100
    },
    {
      "epoch": 1.9159911569638908,
      "grad_norm": 0.2980278432369232,
      "learning_rate": 2.1094325718496682e-06,
      "loss": 0.0954,
      "step": 5200
    },
    {
      "epoch": 1.952837140751658,
      "grad_norm": 0.33253392577171326,
      "learning_rate": 1.1882829771554902e-06,
      "loss": 0.0938,
      "step": 5300
    },
    {
      "epoch": 1.9896831245394253,
      "grad_norm": 0.24688230454921722,
      "learning_rate": 2.6713338246131174e-07,
      "loss": 0.0951,
      "step": 5400
    }
  ],
  "logging_steps": 100,
  "max_steps": 5428,
  "num_input_tokens_seen": 0,
  "num_train_epochs": 2,
  "save_steps": 500,
  "stateful_callbacks": {
    "TrainerControl": {
      "args": {
        "should_epoch_stop": false,
        "should_evaluate": false,
        "should_log": false,
        "should_save": true,
        "should_training_stop": true
      },
      "attributes": {}
    }
  },
  "total_flos": 2927185135902720.0,
  "train_batch_size": 16,
  "trial_name": null,
  "trial_params": null
}
